timestamp,load_mw
2025-01-01T00:00,51.90
2025-01-01T01:00,43.49
2025-01-01T02:00,42.49
2025-01-01T03:00,43.65
2025-01-01T04:00,43.87
2025-01-01T05:00,49.66
2025-01-01T06:00,54.57
2025-01-01T07:00,55.76
2025-01-01T08:00,65.01
2025-01-01T09:00,66.49
2025-01-01T10:00,64.95
2025-01-01T11:00,65.77
2025-01-01T12:00,66.62
2025-01-01T13:00,64.80
2025-01-01T14:00,65.25
2025-01-01T15:00,64.05
2025-01-01T16:00,69.86
2025-01-01T17:00,70.81
2025-01-01T18:00,72.21
2025-01-01T19:00,68.33
2025-01-01T20:00,72.61
2025-01-01T21:00,65.71
2025-01-01T22:00,59.34
2025-01-01T23:00,58.29
2025-01-02T00:00,48.66
2025-01-02T01:00,41.76
2025-01-02T02:00,41.86
2025-01-02T03:00,38.50
2025-01-02T04:00,47.79
2025-01-02T05:00,49.06
2025-01-02T06:00,53.33
2025-01-02T07:00,61.65
2025-01-02T08:00,59.91
2025-01-02T09:00,66.60
2025-01-02T10:00,62.32
2025-01-02T11:00,65.03
2025-01-02T12:00,63.44
2025-01-02T13:00,68.49
2025-01-02T14:00,69.50
2025-01-02T15:00,66.54
2025-01-02T16:00,70.67
2025-01-02T17:00,70.44
2025-01-02T18:00,73.04
2025-01-02T19:00,70.12
2025-01-02T20:00,66.13
2025-01-02T21:00,62.04
2025-01-02T22:00,61.12
2025-01-02T23:00,58.97
2025-01-03T00:00,49.53
2025-01-03T01:00,43.85
2025-01-03T02:00,46.73
2025-01-03T03:00,43.79
2025-01-03T04:00,46.13
2025-01-03T05:00,50.64
2025-01-03T06:00,54.79
2025-01-03T07:00,59.13
2025-01-03T08:00,60.58
2025-01-03T09:00,66.77
2025-01-03T10:00,66.50
2025-01-03T11:00,68.98
2025-01-03T12:00,65.35
2025-01-03T13:00,61.99
2025-01-03T14:00,66.01
2025-01-03T15:00,70.83
2025-01-03T16:00,68.46
2025-01-03T17:00,69.26
2025-01-03T18:00,69.76
2025-01-03T19:00,69.77
2025-01-03T20:00,69.19
2025-01-03T21:00,63.53
2025-01-03T22:00,63.59
2025-01-03T23:00,54.14
2025-01-04T00:00,49.45
2025-01-04T01:00,48.02
2025-01-04T02:00,46.16
2025-01-04T03:00,43.13
2025-01-04T04:00,46.83
2025-01-04T05:00,51.85
2025-01-04T06:00,54.91
2025-01-04T07:00,56.43
2025-01-04T08:00,65.00
2025-01-04T09:00,67.79
2025-01-04T10:00,67.76
2025-01-04T11:00,64.98
2025-01-04T12:00,65.93
2025-01-04T13:00,64.86
2025-01-04T14:00,65.85
2025-01-04T15:00,70.27
2025-01-04T16:00,72.53
2025-01-04T17:00,72.62
2025-01-04T18:00,73.48
2025-01-04T19:00,73.46
2025-01-04T20:00,70.00
2025-01-04T21:00,65.97
2025-01-04T22:00,59.49
2025-01-04T23:00,54.84
2025-01-05T00:00,53.99
2025-01-05T01:00,47.12
2025-01-05T02:00,42.70
2025-01-05T03:00,42.85
2025-01-05T04:00,44.68
2025-01-05T05:00,51.37
2025-01-05T06:00,56.32
2025-01-05T07:00,57.34
2025-01-05T08:00,64.91
2025-01-05T09:00,65.11
2025-01-05T10:00,70.02
2025-01-05T11:00,67.38
2025-01-05T12:00,70.00
2025-01-05T13:00,65.37
2025-01-05T14:00,66.12
2025-01-05T15:00,68.51
2025-01-05T16:00,71.82
2025-01-05T17:00,72.65
2025-01-05T18:00,70.16
2025-01-05T19:00,72.71
2025-01-05T20:00,70.31
2025-01-05T21:00,65.51
2025-01-05T22:00,59.78
2025-01-05T23:00,58.69
2025-01-06T00:00,40.93
2025-01-06T01:00,35.93
2025-01-06T02:00,36.90
2025-01-06T03:00,36.30
2025-01-06T04:00,38.50
2025-01-06T05:00,44.42
2025-01-06T06:00,48.75
2025-01-06T07:00,53.19
2025-01-06T08:00,58.10
2025-01-06T09:00,59.05
2025-01-06T10:00,58.17
2025-01-06T11:00,58.59
2025-01-06T12:00,57.76
2025-01-06T13:00,58.95
2025-01-06T14:00,56.78
2025-01-06T15:00,56.49
2025-01-06T16:00,62.13
2025-01-06T17:00,61.09
2025-01-06T18:00,60.96
2025-01-06T19:00,65.33
2025-01-06T20:00,61.08
2025-01-06T21:00,59.60
2025-01-06T22:00,52.25
2025-01-06T23:00,45.19
2025-01-07T00:00,39.47
2025-01-07T01:00,36.83
2025-01-07T02:00,35.32
2025-01-07T03:00,34.63
2025-01-07T04:00,38.33
2025-01-07T05:00,40.03
2025-01-07T06:00,48.04
2025-01-07T07:00,49.12
2025-01-07T08:00,56.03
2025-01-07T09:00,60.12
2025-01-07T10:00,61.83
2025-01-07T11:00,62.98
2025-01-07T12:00,55.93
2025-01-07T13:00,60.28
2025-01-07T14:00,61.58
2025-01-07T15:00,62.35
2025-01-07T16:00,60.33
2025-01-07T17:00,64.83
2025-01-07T18:00,68.83
2025-01-07T19:00,61.83
2025-01-07T20:00,63.70
2025-01-07T21:00,61.07
2025-01-07T22:00,52.16
2025-01-07T23:00,48.84
2025-01-08T00:00,48.05
2025-01-08T01:00,44.48
2025-01-08T02:00,42.47
2025-01-08T03:00,44.90
2025-01-08T04:00,46.95
2025-01-08T05:00,53.25
2025-01-08T06:00,54.37
2025-01-08T07:00,60.68
2025-01-08T08:00,66.58
2025-01-08T09:00,68.09
2025-01-08T10:00,65.24
2025-01-08T11:00,69.12
2025-01-08T12:00,66.33
2025-01-08T13:00,67.78
2025-01-08T14:00,68.01
2025-01-08T15:00,71.07
2025-01-08T16:00,70.66
2025-01-08T17:00,68.53
2025-01-08T18:00,70.61
2025-01-08T19:00,74.53
2025-01-08T20:00,70.47
2025-01-08T21:00,69.36
2025-01-08T22:00,62.34
2025-01-08T23:00,54.41
2025-01-09T00:00,52.60
2025-01-09T01:00,44.73
2025-01-09T02:00,40.24
2025-01-09T03:00,48.88
2025-01-09T04:00,43.55
2025-01-09T05:00,52.85
2025-01-09T06:00,58.37
2025-01-09T07:00,61.48
2025-01-09T08:00,61.53
2025-01-09T09:00,69.24
2025-01-09T10:00,65.24
2025-01-09T11:00,65.34
2025-01-09T12:00,66.80
2025-01-09T13:00,68.82
2025-01-09T14:00,68.25
2025-01-09T15:00,70.50
2025-01-09T16:00,69.78
2025-01-09T17:00,72.14
2025-01-09T18:00,71.31
2025-01-09T19:00,72.67
2025-01-09T20:00,72.41
2025-01-09T21:00,66.73
2025-01-09T22:00,62.99
2025-01-09T23:00,55.00
2025-01-10T00:00,49.49
2025-01-10T01:00,46.66
2025-01-10T02:00,44.20
2025-01-10T03:00,46.18
2025-01-10T04:00,47.97
2025-01-10T05:00,55.30
2025-01-10T06:00,56.30
2025-01-10T07:00,60.97
2025-01-10T08:00,63.05
2025-01-10T09:00,67.49
2025-01-10T10:00,69.73
2025-01-10T11:00,66.79
2025-01-10T12:00,67.67
2025-01-10T13:00,68.92
2025-01-10T14:00,67.64
2025-01-10T15:00,68.08
2025-01-10T16:00,72.86
2025-01-10T17:00,72.92
2025-01-10T18:00,74.62
2025-01-10T19:00,75.89
2025-01-10T20:00,73.76
2025-01-10T21:00,66.87
2025-01-10T22:00,61.22
2025-01-10T23:00,56.96
2025-01-11T00:00,50.65
2025-01-11T01:00,43.02
2025-01-11T02:00,47.38
2025-01-11T03:00,45.27
2025-01-11T04:00,49.32
2025-01-11T05:00,49.71
2025-01-11T06:00,59.55
2025-01-11T07:00,60.49
2025-01-11T08:00,65.16
2025-01-11T09:00,64.88
2025-01-11T10:00,68.27
2025-01-11T11:00,68.05
2025-01-11T12:00,67.63
2025-01-11T13:00,68.60
2025-01-11T14:00,68.25
2025-01-11T15:00,71.31
2025-01-11T16:00,70.21
2025-01-11T17:00,70.97
2025-01-11T18:00,74.03
2025-01-11T19:00,75.04
2025-01-11T20:00,74.20
2025-01-11T21:00,69.43
2025-01-11T22:00,58.98
2025-01-11T23:00,57.38
2025-01-12T00:00,54.08
2025-01-12T01:00,47.19
2025-01-12T02:00,44.04
2025-01-12T03:00,46.09
2025-01-12T04:00,47.08
2025-01-12T05:00,53.58
2025-01-12T06:00,57.19
2025-01-12T07:00,64.69
2025-01-12T08:00,66.61
2025-01-12T09:00,66.48
2025-01-12T10:00,70.06
2025-01-12T11:00,70.62
2025-01-12T12:00,67.11
2025-01-12T13:00,67.11
2025-01-12T14:00,63.76
2025-01-12T15:00,71.40
2025-01-12T16:00,70.22
2025-01-12T17:00,68.96
2025-01-12T18:00,70.77
2025-01-12T19:00,73.58
2025-01-12T20:00,73.47
2025-01-12T21:00,67.87
2025-01-12T22:00,63.70
2025-01-12T23:00,54.67
2025-01-13T00:00,40.71
2025-01-13T01:00,41.07
2025-01-13T02:00,38.29
2025-01-13T03:00,37.65
2025-01-13T04:00,42.89
2025-01-13T05:00,42.64
2025-01-13T06:00,48.61
2025-01-13T07:00,56.20
2025-01-13T08:00,61.53
2025-01-13T09:00,60.18
2025-01-13T10:00,64.44
2025-01-13T11:00,59.78
2025-01-13T12:00,61.14
2025-01-13T13:00,59.86
2025-01-13T14:00,57.43
2025-01-13T15:00,62.35
2025-01-13T16:00,65.50
2025-01-13T17:00,65.15
2025-01-13T18:00,66.40
2025-01-13T19:00,69.05
2025-01-13T20:00,61.69
2025-01-13T21:00,57.29
2025-01-13T22:00,53.69
2025-01-13T23:00,46.72
2025-01-14T00:00,46.33
2025-01-14T01:00,40.16
2025-01-14T02:00,35.82
2025-01-14T03:00,36.72
2025-01-14T04:00,46.29
2025-01-14T05:00,43.56
2025-01-14T06:00,48.17
2025-01-14T07:00,54.99
2025-01-14T08:00,59.37
2025-01-14T09:00,60.85
2025-01-14T10:00,59.51
2025-01-14T11:00,58.91
2025-01-14T12:00,61.92
2025-01-14T13:00,60.34
2025-01-14T14:00,57.57
2025-01-14T15:00,64.42
2025-01-14T16:00,65.42
2025-01-14T17:00,65.20
2025-01-14T18:00,66.26
2025-01-14T19:00,66.97
2025-01-14T20:00,63.05
2025-01-14T21:00,57.83
2025-01-14T22:00,55.88
2025-01-14T23:00,46.47
2025-01-15T00:00,52.66
2025-01-15T01:00,44.90
2025-01-15T02:00,45.59
2025-01-15T03:00,45.92
2025-01-15T04:00,52.37
2025-01-15T05:00,50.89
2025-01-15T06:00,55.10
2025-01-15T07:00,61.33
2025-01-15T08:00,64.09
2025-01-15T09:00,67.47
2025-01-15T10:00,70.41
2025-01-15T11:00,71.01
2025-01-15T12:00,72.28
2025-01-15T13:00,67.21
2025-01-15T14:00,74.37
2025-01-15T15:00,74.28
2025-01-15T16:00,71.70
2025-01-15T17:00,69.34
2025-01-15T18:00,74.86
2025-01-15T19:00,74.89
2025-01-15T20:00,68.07
2025-01-15T21:00,68.91
2025-01-15T22:00,63.07
2025-01-15T23:00,56.02
2025-01-16T00:00,53.37
2025-01-16T01:00,50.03
2025-01-16T02:00,45.06
2025-01-16T03:00,46.89
2025-01-16T04:00,47.74
2025-01-16T05:00,51.68
2025-01-16T06:00,58.33
2025-01-16T07:00,63.91
2025-01-16T08:00,65.45
2025-01-16T09:00,64.46
2025-01-16T10:00,70.98
2025-01-16T11:00,66.52
2025-01-16T12:00,69.45
2025-01-16T13:00,72.48
2025-01-16T14:00,69.30
2025-01-16T15:00,68.17
2025-01-16T16:00,69.43
2025-01-16T17:00,76.50
2025-01-16T18:00,75.23
2025-01-16T19:00,76.07
2025-01-16T20:00,74.76
2025-01-16T21:00,68.91
2025-01-16T22:00,63.10
2025-01-16T23:00,55.94
2025-01-17T00:00,46.19
2025-01-17T01:00,45.23
2025-01-17T02:00,46.13
2025-01-17T03:00,46.32
2025-01-17T04:00,50.10
2025-01-17T05:00,53.24
2025-01-17T06:00,58.73
2025-01-17T07:00,64.68
2025-01-17T08:00,65.04
2025-01-17T09:00,68.55
2025-01-17T10:00,66.83
2025-01-17T11:00,71.90
2025-01-17T12:00,69.52
2025-01-17T13:00,70.15
2025-01-17T14:00,72.66
2025-01-17T15:00,72.95
2025-01-17T16:00,72.47
2025-01-17T17:00,75.98
2025-01-17T18:00,72.64
2025-01-17T19:00,76.09
2025-01-17T20:00,73.42
2025-01-17T21:00,66.01
2025-01-17T22:00,66.63
2025-01-17T23:00,56.66
2025-01-18T00:00,53.96
2025-01-18T01:00,47.66
2025-01-18T02:00,48.50
2025-01-18T03:00,49.54
2025-01-18T04:00,47.87
2025-01-18T05:00,50.68
2025-01-18T06:00,58.39
2025-01-18T07:00,65.04
2025-01-18T08:00,66.31
2025-01-18T09:00,68.14
2025-01-18T10:00,71.26
2025-01-18T11:00,64.67
2025-01-18T12:00,68.36
2025-01-18T13:00,66.64
2025-01-18T14:00,70.40
2025-01-18T15:00,69.56
2025-01-18T16:00,70.60
2025-01-18T17:00,73.93
2025-01-18T18:00,72.81
2025-01-18T19:00,75.44
2025-01-18T20:00,72.02
2025-01-18T21:00,68.73
2025-01-18T22:00,62.76
2025-01-18T23:00,60.13
2025-01-19T00:00,52.62
2025-01-19T01:00,49.79
2025-01-19T02:00,47.71
2025-01-19T03:00,45.54
2025-01-19T04:00,50.91
2025-01-19T05:00,54.68
2025-01-19T06:00,59.52
2025-01-19T07:00,62.79
2025-01-19T08:00,66.44
2025-01-19T09:00,71.18
2025-01-19T10:00,74.89
2025-01-19T11:00,68.77
2025-01-19T12:00,70.99
2025-01-19T13:00,68.91
2025-01-19T14:00,71.62
2025-01-19T15:00,72.15
2025-01-19T16:00,75.19
2025-01-19T17:00,69.29
2025-01-19T18:00,74.78
2025-01-19T19:00,73.73
2025-01-19T20:00,73.41
2025-01-19T21:00,68.28
2025-01-19T22:00,63.15
2025-01-19T23:00,59.91
2025-01-20T00:00,48.88
2025-01-20T01:00,35.33
2025-01-20T02:00,38.37
2025-01-20T03:00,40.02
2025-01-20T04:00,42.02
2025-01-20T05:00,45.53
2025-01-20T06:00,48.43
2025-01-20T07:00,53.94
2025-01-20T08:00,60.98
2025-01-20T09:00,64.00
2025-01-20T10:00,62.96
2025-01-20T11:00,61.00
2025-01-20T12:00,62.36
2025-01-20T13:00,61.41
2025-01-20T14:00,63.38
2025-01-20T15:00,63.75
2025-01-20T16:00,64.07
2025-01-20T17:00,67.50
2025-01-20T18:00,65.87
2025-01-20T19:00,69.59
2025-01-20T20:00,68.23
2025-01-20T21:00,59.61
2025-01-20T22:00,57.52
2025-01-20T23:00,48.81
2025-01-21T00:00,47.46
2025-01-21T01:00,43.03
2025-01-21T02:00,38.77
2025-01-21T03:00,41.62
2025-01-21T04:00,41.39
2025-01-21T05:00,45.17
2025-01-21T06:00,50.24
2025-01-21T07:00,55.78
2025-01-21T08:00,59.13
2025-01-21T09:00,62.39
2025-01-21T10:00,61.78
2025-01-21T11:00,64.44
2025-01-21T12:00,64.45
2025-01-21T13:00,61.13
2025-01-21T14:00,59.68
2025-01-21T15:00,65.20
2025-01-21T16:00,67.83
2025-01-21T17:00,67.04
2025-01-21T18:00,65.89
2025-01-21T19:00,68.72
2025-01-21T20:00,69.16
2025-01-21T21:00,58.45
2025-01-21T22:00,57.87
2025-01-21T23:00,50.40
2025-01-22T00:00,51.84
2025-01-22T01:00,50.46
2025-01-22T02:00,44.87
2025-01-22T03:00,48.47
2025-01-22T04:00,53.12
2025-01-22T05:00,55.05
2025-01-22T06:00,57.86
2025-01-22T07:00,60.75
2025-01-22T08:00,65.45
2025-01-22T09:00,66.64
2025-01-22T10:00,74.45
2025-01-22T11:00,70.65
2025-01-22T12:00,68.55
2025-01-22T13:00,67.77
2025-01-22T14:00,68.64
2025-01-22T15:00,71.32
2025-01-22T16:00,71.23
2025-01-22T17:00,78.95
2025-01-22T18:00,75.21
2025-01-22T19:00,74.86
2025-01-22T20:00,74.96
2025-01-22T21:00,73.35
2025-01-22T22:00,67.80
2025-01-22T23:00,58.29
2025-01-23T00:00,54.31
2025-01-23T01:00,50.00
2025-01-23T02:00,48.77
2025-01-23T03:00,48.63
2025-01-23T04:00,48.84
2025-01-23T05:00,52.42
2025-01-23T06:00,60.21
2025-01-23T07:00,62.18
2025-01-23T08:00,70.98
2025-01-23T09:00,70.65
2025-01-23T10:00,69.43
2025-01-23T11:00,70.75
2025-01-23T12:00,69.87
2025-01-23T13:00,70.34
2025-01-23T14:00,72.90
2025-01-23T15:00,69.34
2025-01-23T16:00,70.30
2025-01-23T17:00,76.52
2025-01-23T18:00,76.59
2025-01-23T19:00,76.99
2025-01-23T20:00,75.47
2025-01-23T21:00,70.32
2025-01-23T22:00,66.99
2025-01-23T23:00,57.72
2025-01-24T00:00,54.16
2025-01-24T01:00,48.28
2025-01-24T02:00,45.69
2025-01-24T03:00,49.58
2025-01-24T04:00,52.11
2025-01-24T05:00,51.29
2025-01-24T06:00,57.85
2025-01-24T07:00,65.37
2025-01-24T08:00,70.63
2025-01-24T09:00,69.47
2025-01-24T10:00,71.36
2025-01-24T11:00,68.80
2025-01-24T12:00,76.15
2025-01-24T13:00,71.80
2025-01-24T14:00,73.04
2025-01-24T15:00,73.79
2025-01-24T16:00,76.14
2025-01-24T17:00,77.30
2025-01-24T18:00,76.51
2025-01-24T19:00,78.39
2025-01-24T20:00,74.98
2025-01-24T21:00,73.52
2025-01-24T22:00,64.16
2025-01-24T23:00,58.67
2025-01-25T00:00,55.60
2025-01-25T01:00,52.74
2025-01-25T02:00,48.48
2025-01-25T03:00,47.17
2025-01-25T04:00,50.97
2025-01-25T05:00,54.42
2025-01-25T06:00,64.13
2025-01-25T07:00,66.82
2025-01-25T08:00,71.26
2025-01-25T09:00,71.65
2025-01-25T10:00,70.86
2025-01-25T11:00,74.22
2025-01-25T12:00,74.67
2025-01-25T13:00,72.25
2025-01-25T14:00,71.44
2025-01-25T15:00,74.88
2025-01-25T16:00,73.77
2025-01-25T17:00,77.85
2025-01-25T18:00,76.00
2025-01-25T19:00,75.21
2025-01-25T20:00,76.20
2025-01-25T21:00,71.84
2025-01-25T22:00,69.68
2025-01-25T23:00,59.43
2025-01-26T00:00,54.56
2025-01-26T01:00,48.14
2025-01-26T02:00,44.69
2025-01-26T03:00,45.27
2025-01-26T04:00,52.38
2025-01-26T05:00,53.30
2025-01-26T06:00,62.83
2025-01-26T07:00,68.11
2025-01-26T08:00,68.40
2025-01-26T09:00,74.60
2025-01-26T10:00,72.66
2025-01-26T11:00,74.36
2025-01-26T12:00,71.15
2025-01-26T13:00,73.24
2025-01-26T14:00,69.84
2025-01-26T15:00,74.20
2025-01-26T16:00,73.83
2025-01-26T17:00,76.30
2025-01-26T18:00,78.93
2025-01-26T19:00,77.73
2025-01-26T20:00,75.16
2025-01-26T21:00,72.86
2025-01-26T22:00,67.72
2025-01-26T23:00,57.46
2025-01-27T00:00,47.87
2025-01-27T01:00,44.00
2025-01-27T02:00,39.17
2025-01-27T03:00,41.85
2025-01-27T04:00,41.04
2025-01-27T05:00,50.78
2025-01-27T06:00,52.34
2025-01-27T07:00,57.35
2025-01-27T08:00,63.61
2025-01-27T09:00,63.24
2025-01-27T10:00,65.64
2025-01-27T11:00,62.26
2025-01-27T12:00,62.71
2025-01-27T13:00,60.78
2025-01-27T14:00,63.55
2025-01-27T15:00,67.26
2025-01-27T16:00,67.44
2025-01-27T17:00,70.57
2025-01-27T18:00,67.85
2025-01-27T19:00,67.86
2025-01-27T20:00,66.61
2025-01-27T21:00,64.79
2025-01-27T22:00,59.07
2025-01-27T23:00,52.44
2025-01-28T00:00,48.24
2025-01-28T01:00,42.60
2025-01-28T02:00,40.87
2025-01-28T03:00,43.92
2025-01-28T04:00,42.76
2025-01-28T05:00,48.50
2025-01-28T06:00,56.28
2025-01-28T07:00,57.95
2025-01-28T08:00,62.87
2025-01-28T09:00,62.55
2025-01-28T10:00,68.60
2025-01-28T11:00,60.09
2025-01-28T12:00,61.82
2025-01-28T13:00,61.70
2025-01-28T14:00,67.45
2025-01-28T15:00,66.14
2025-01-28T16:00,66.71
2025-01-28T17:00,66.48
2025-01-28T18:00,70.87
2025-01-28T19:00,70.09
2025-01-28T20:00,66.40
2025-01-28T21:00,60.90
2025-01-28T22:00,56.39
2025-01-28T23:00,53.14
2025-01-29T00:00,55.86
2025-01-29T01:00,51.29
2025-01-29T02:00,48.85
2025-01-29T03:00,46.02
2025-01-29T04:00,52.27
2025-01-29T05:00,54.31
2025-01-29T06:00,61.38
2025-01-29T07:00,66.92
2025-01-29T08:00,68.34
2025-01-29T09:00,69.96
2025-01-29T10:00,74.91
2025-01-29T11:00,73.53
2025-01-29T12:00,71.05
2025-01-29T13:00,66.05
2025-01-29T14:00,72.35
2025-01-29T15:00,74.93
2025-01-29T16:00,77.71
2025-01-29T17:00,75.93
2025-01-29T18:00,77.10
2025-01-29T19:00,77.22
2025-01-29T20:00,77.70
2025-01-29T21:00,69.78
2025-01-29T22:00,66.61
2025-01-29T23:00,59.10
2025-01-30T00:00,56.01
2025-01-30T01:00,48.27
2025-01-30T02:00,50.14
2025-01-30T03:00,48.80
2025-01-30T04:00,51.96
2025-01-30T05:00,57.67
2025-01-30T06:00,63.82
2025-01-30T07:00,62.83
2025-01-30T08:00,71.94
2025-01-30T09:00,73.36
2025-01-30T10:00,72.58
2025-01-30T11:00,75.88
2025-01-30T12:00,72.94
2025-01-30T13:00,74.87
2025-01-30T14:00,71.51
2025-01-30T15:00,72.18
2025-01-30T16:00,78.16
2025-01-30T17:00,81.85
2025-01-30T18:00,79.89
2025-01-30T19:00,80.13
2025-01-30T20:00,75.32
2025-01-30T21:00,69.72
2025-01-30T22:00,66.62
2025-01-30T23:00,64.19
2025-01-31T00:00,51.99
2025-01-31T01:00,50.63
2025-01-31T02:00,45.80
2025-01-31T03:00,50.25
2025-01-31T04:00,54.40
2025-01-31T05:00,54.37
2025-01-31T06:00,60.96
2025-01-31T07:00,69.12
2025-01-31T08:00,70.00
2025-01-31T09:00,70.01
2025-01-31T10:00,70.77
2025-01-31T11:00,69.28
2025-01-31T12:00,74.35
2025-01-31T13:00,71.03
2025-01-31T14:00,75.03
2025-01-31T15:00,75.89
2025-01-31T16:00,74.63
2025-01-31T17:00,76.71
2025-01-31T18:00,80.42
2025-01-31T19:00,78.89
2025-01-31T20:00,77.04
2025-01-31T21:00,69.31
2025-01-31T22:00,69.11
2025-01-31T23:00,59.68
